class,top_pct,share_of_dollars,n_in_top,total_projects,total_dollars_musd
ttrpg,1,0.3587667645255251,73,7336,302.6
ttrpg,5,0.6392617154343773,366,7336,302.6
ttrpg,10,0.7685181531369928,733,7336,302.6
ttrpg_accessory,1,0.46346818219303415,31,3166,58.6
ttrpg_accessory,5,0.7046328595019995,158,3166,58.6
ttrpg_accessory,10,0.8028774181935879,316,3166,58.6
