bucket,dollars,n,share of dollars,share of projects
TTRPG (core),178774170.73332843,4608,0.14739087519764568,0.18423893486865778
TTRPG accessory,39846177.46605697,2474,0.032851294713951436,0.0989164767502299
Other tabletop,761735640.000051,11535,0.6280151220296809,0.4611970732877534
Video games,124462875.04375969,2241,0.10261377248774449,0.08960057574667146
Playing cards,56436287.880152255,2955,0.04652905858514596,0.11814801487345568
Other games,51670482.79801174,1198,0.04259987698583159,0.047898924473231776
