bucket,dollars,n,share of dollars,share of projects
TTRPG (core),181551424.21556973,4823,0.14968058975604154,0.19283515253288552
TTRPG accessory,37032464.003134534,2252,0.030531520620443516,0.090040382231818
Other tabletop,761772099.9807322,11542,0.6280451815647928,0.46147695014193757
Video games,124462875.04375969,2241,0.10261377248774446,0.08960057574667146
Playing cards,56436287.880152255,2955,0.046529058585145944,0.11814801487345568
Other games,51670482.79801174,1198,0.042599876985831585,0.047898924473231776
