launch_year,staff pick (Projects We Love),has_video_unreliable
2014,0.22935779816513763,0
2015,0.2786885245901639,0
2016,0.2087912087912088,0
2017,0.10552763819095477,0
2018,0.09207708779443255,0
2019,0.11181102362204724,0
2020,0.0944372574385511,0
2021,0.0784557907845579,0
2022,0.17894736842105263,0.010526315789473684
2023,0.1267123287671233,0.030821917808219176
2024,0.10862354892205639,0.4792703150912106
2025,0.13729308666017526,0.4673807205452775
2026,0.1266490765171504,0.44063324538258575
