class,n_funded,median_goal_usd,median_pledged_usd,mean_pledged_usd,median_backers,median_avg_pledge,median_pct_of_goal,share_overfunded_2x,share_overfunded_10x,pledged_p10,pledged_p50,pledged_p90,pledged_p99
ttrpg,6590,1250,5836.5,38468.233413818045,225,29.416620357837424,4.246838333333334,0.756752655538695,0.25386949924127467,915.1978799860002,5836.5,68021.00000000012,520524.78999999905
ttrpg_accessory,3275,432.3697959999999,3131,17998.555073210424,109,32.085894565288584,6.8548,0.8580152671755725,0.3838167938931298,407.74052566800003,3131,28671.005389599995,211312.8816883447
