launch_year,staff pick (Projects We Love),has_video_unreliable
2014,0.2170212765957447,0
2015,0.26765799256505574,0
2016,0.2,0
2017,0.10829493087557604,0
2018,0.08812260536398467,0
2019,0.11592178770949721,0
2020,0.09123222748815166,0
2021,0.07985697258641239,0
2022,0.18092909535452323,0.012224938875305624
2023,0.132013201320132,0.036303630363036306
2024,0.11635475996745322,0.49308380797396256
2025,0.1400560224089636,0.477124183006536
2026,0.1358974358974359,0.4666666666666667
