country2,n,share
AU,189,0.027769615045548045
CA,383,0.056273875991771964
DE,70,0.010285042609462239
FR,82,0.012048192771084338
GB,954,0.1401704378489568
Other,868,0.12753452835733176
US,4260,0.6259183073758449
