class,top_pct,share_of_dollars,n_in_top,total_projects,total_dollars_musd
ttrpg,1,0.3460137074117041,68,6877,257.2
ttrpg,5,0.6278820142293111,343,6877,257.2
ttrpg,10,0.7606546573894365,687,6877,257.2
ttrpg_accessory,1,0.3984007047557159,29,2964,54.6
ttrpg_accessory,5,0.6485184359334296,148,2964,54.6
ttrpg_accessory,10,0.7661309944194765,296,2964,54.6
