country2,n,share
AU,207,0.02734117025492009
CA,466,0.061550653810593055
DE,74,0.009774138158763703
FR,95,0.012547880068683133
GB,1056,0.13947959318451988
Other,956,0.12627129837537973
US,4717,0.6230352661471404
