class,n_funded,median_goal_usd,median_pledged_usd,mean_pledged_usd,median_backers,median_avg_pledge,median_pct_of_goal,share_overfunded_2x,share_overfunded_10x,pledged_p10,pledged_p50,pledged_p90,pledged_p99
ttrpg,6877,1200,5705,37400.53567193777,221,29.643255578461538,4.31,0.760651446851825,0.2582521448305947,906.9394574,5705,66586.457681294,513984.44081572123
ttrpg_accessory,2964,393.22240899999997,3045.5880607999998,18429.07580854058,107,31.756068867892814,6.8604178000000005,0.8576248313090419,0.38596491228070173,393.58673726800004,3045.5880607999998,28311.086512971095,212814.70038408192
