term,coef,se,year,lo,hi
launch_year::2010:ttrpg,0.08333333333333334,0.21633079177176187,2010,-0.3406750185393199,0.5073416852059865
launch_year::2011:ttrpg,0.007317073170732082,0.12300547501015964,2011,-0.2337736578491808,0.24840780419064495
launch_year::2012:ttrpg,0.14870931537598336,0.05543197343825515,2012,0.040062647437003274,0.25735598331496345
launch_year::2014:ttrpg,0.13442583142317602,0.033520905112949285,2014,0.06872485740179542,0.20012680544455663
launch_year::2015:ttrpg,0.18000996666322494,0.029650842163738818,2015,0.12189431602229686,0.23812561730415302
launch_year::2016:ttrpg,0.1783310628088025,0.024904803352880426,2016,0.1295176482371569,0.22714447738044813
launch_year::2017:ttrpg,0.20066803699898542,0.020510980695489938,2017,0.16046651483582514,0.2408695591621457
