model,term,coef,se,p
success (LPM),ttrpg,0.09932571236547749,0.02985871865386819,8.824461766622991e-4
success (LPM),ttrpg:post2014,0.036796894563367544,0.03263621057964567,0.2595630192937384
log10 pledged|funded,ttrpg,-0.01878546061129549,0.03256295049422862,0.564028489541806
log10 pledged|funded,ttrpg:post2014,0.056523480169554,0.03676307492678664,0.12421623138226269
