term,coef,se,year,lo,hi
launch_year::2010:ttrpg,0.19999999999999996,0.22994987605332526,2010,-0.2507017570645175,0.6507017570645175
launch_year::2011:ttrpg,0.009523809523809618,0.12976728730241446,2011,-0.2448200735889227,0.2638676926365419
launch_year::2012:ttrpg,0.12222133375979333,0.05827025775469437,2012,0.008011628560592371,0.23643103895899428
launch_year::2014:ttrpg,0.14797251827159058,0.03394173825370765,2014,0.08144671129432358,0.2144983252488576
launch_year::2015:ttrpg,0.18178720860729797,0.030173352904989174,2015,0.12264743691351919,0.24092698030107673
launch_year::2016:ttrpg,0.17595418619365474,0.025538232927642318,2016,0.1258992496554758,0.22600912273183368
launch_year::2017:ttrpg,0.19570191713048776,0.02091711274819682,2017,0.154704376144022,0.23669945811695353
