model,term,coef,se,p
success (LPM),ttrpg,0.11047531024281698,0.02923535951948731,1.584664138887939e-4
success (LPM),ttrpg:post2014,0.023132507591169804,0.03197962662793711,0.4694805975597133
log10 pledged|funded,ttrpg,-0.0142891471758132,0.031852052453954685,0.6537276517728211
log10 pledged|funded,ttrpg:post2014,0.05370672949713673,0.03591470678269893,0.1348583259926974
