model,cv_r2
OLS,0.6554440416974741
LASSO,0.6553076981995218
RandomForest,0.6910768730006509
