model,cv_r2
OLS,0.6561573845323043
LASSO,0.6561953851570691
RandomForest,0.6931028241339865
