feature,importance
log10_goal,0.45744458343971883
duration_days,0.05535267958307822
staff_pick,0.04372431966079493
creator_prior_funded,0.022242784795813063
class_accessory,0.01523411441067518
country_us,0.010991511321697112
creator_is_repeat,0.009311415950348755
is_zine,0.008516051020372277
is_dnd5e,0.008235694766159339
has_video,0.007444595332523362
blurb_words,0.006646870057314632
title_words,0.005092353475968889
is_osr,0.0014956536668453313
is_pbta,1.6576282505280835e-5
