feature,importance
log10_goal,0.45507363298358294
duration_days,0.05434333164623737
staff_pick,0.04552217181885773
creator_prior_funded,0.023195872136428562
class_accessory,0.016069751629564043
country_us,0.011373352766180646
creator_is_repeat,0.008940842758704886
is_zine,0.008706017614218844
is_dnd5e,0.008220157472433041
has_video,0.007163304369360025
blurb_words,0.006418896944722995
title_words,0.004628533978130443
is_osr,0.001586741062414507
is_pbta,-3.623780781089418e-6
