model,cv_r2
OLS,0.6620601125057965
LASSO,0.6619192750592524
RandomForest,0.6976412252163073
