term,coef,se,p_value,driver,diff_mult
log10_goal:class_accessory,-0.09391097998831559,0.02826156736823468,8.985142755305182e-4,log10_goal,0.8055435414929862
duration_days:class_accessory,0.007050790596565413,0.002319921814686283,0.0023865653227722206,duration_days,1.0163675497704912
has_video:class_accessory,0.025203477559866655,0.0428905841917842,0.5568175859517107,has_video,1.0597501276684604
staff_pick:class_accessory,0.07023089322729983,0.05860296160287663,0.23082241717784027,staff_pick,1.1755223568294557
country_us:class_accessory,0.10821792278246326,0.0429415144228821,0.011768573904449752,country_us,1.282974199334937
creator_prior_funded:class_accessory,-5.221682947282381e-4,0.0035336790237012515,0.8825322343665498,creator_prior_funded,0.9987983855859742
creator_is_repeat:class_accessory,-0.006934429649824712,0.030119118977760814,0.8179216903635396,creator_is_repeat,0.9841596842637848
is_dnd5e:class_accessory,-0.14463863742528071,0.040550163700835355,3.652972414394203e-4,is_dnd5e,0.7167395382587709
