launch_year,n,moneymax_med_real
2015,10,91.68604994578448
2016,11,118.21670447111958
2017,31,88.85217016155353
2018,32,90.72744445594907
2019,39,98.39991089623987
2020,39,105.73412644748485
2021,30,106.12225988116765
2022,15,145.06713847362937
2023,12,121.2165022710714
2024,42,102.11811220667605
2025,38,127.475
