term,coef,se,p_value,driver
log10_goal:class_acc,0.0539041236842145,0.1920698286305688,0.7789799552862111,log10_goal
duration_days:class_acc,-0.02864452650809965,0.013013722238138641,0.027728822981139586,duration_days
country_us:class_acc,-0.10725786056514675,0.254648423022796,0.6736092026765224,country_us
title_words:class_acc,-0.02157099418776426,0.04335713420607189,0.6188231706535698,title_words
