term,coef,se,p_value,driver
log10_goal:class_acc,0.038808880876449854,0.18716549578514202,0.8357360469955577,log10_goal
duration_days:class_acc,-0.024978843594374515,0.012620097626759506,0.047783270661533594,duration_days
country_us:class_acc,-0.14529751628253001,0.24792282853341346,0.5578355655133949,country_us
title_words:class_acc,-0.008591445338238024,0.041113606958212895,0.8344728943555234,title_words
