model,cv_r2
base,0.6760174826205985
+subcats,0.6841582218350772
