model,mcfadden,auc
base,0.08439809720317681,0.6990986214209968
+subcats,0.11625195175803316,0.7316978488107863
