model,cv_r2
base,0.6735872608533502
+subcats,0.6820671616220486
