model,mcfadden,auc
base,0.08867472317128411,0.7004383097746295
+subcats,0.12275746734160742,0.7364997374428001
