model,r2,adj_r2
base drivers,0.679588988038052,0.642989590282812
+ system_family,0.6847123913461612,0.6484573729207499
+ product_type,0.6882503904679733,0.6520682542321086
