model,r2,adj_r2
base drivers,0.678175842000137,0.642203056639051
+ system_family,0.6840334718173529,0.6484584268209984
+ product_type,0.6873105649566482,0.6517477803764826
