model,mcfadden,auc
base,0.08644069098975948,0.6993573557448862
+subcats,0.11462228227503024,0.7299466785385366
