model,r2,adj_r2
base drivers,0.6800357543235926,0.6430159424245676
+ system_family,0.685996641525165,0.6493989506258144
+ product_type,0.6895808053198804,0.6530298778758503
