model,cv_r2
base,0.6751324571463065
+subcats,0.6826352864938888
