model,cv_auc,cv_brier
Logit,0.6958151015061853,0.1981378198172994
LASSO,0.6950248535061296,0.19828773373473416
RandomForest,0.7234635206758067,0.19156986963135042
