feature,importance
duration_days,0.024579248673801266
log10_goal,0.021308641406422565
is_ttrpg,0.002459677697728439
title_words,0.0020491675796866313
country_us,0.0011419104341203845
is_dnd5e,9.123848558999286e-4
is_ttrpg_accessory,5.2712713399948686e-5
is_osr,9.900408920168006e-6
