model,cv_auc,cv_brier
Logit,0.8194155722042032,0.13070351595523202
LASSO,0.8194399938846899,0.1306866337599917
RandomForest,0.8282952016693159,0.1281160313284078
