term,coef,se,p_value,odds_ratio
log10_goal,-0.7919523358478233,0.037358272953278426,9.78634292541411e-100,0.45295960219744197
duration_days,-0.03392848272892695,0.0023283334859718367,4.2329492874290266e-48,0.9666406336657456
country_us,0.2021867458254992,0.050909137333824614,7.141498125649303e-5,1.2240765779594867
title_words,0.04330757626701589,0.007607578255506285,1.2505412364312139e-8,1.0442590347562821
is_ttrpg,0.49413409137779535,0.08766551558527351,1.734558844024679e-8,1.6390783323305917
is_ttrpg_accessory,0.3325178237544881,0.2235180013388734,0.13684172194243746,1.394474753739068
is_dnd5e,0.5964482589095665,0.2110740401504196,0.0047166024032536825,1.8156585854721268
is_osr,0.9551420396398413,0.8144551897412442,0.24090113934678672,2.5990397233688536
