model,cv_auc,cv_brier
Logit,0.6957086904463586,0.1981627708466844
LASSO,0.6950144287627456,0.19830304941863572
RandomForest,0.7222988998158557,0.19176725286205765
