feature,importance
duration_days,0.02451085490604636
log10_goal,0.021559638767341238
is_ttrpg,0.002256650236205324
title_words,0.0020185936042918275
country_us,9.983618835178027e-4
is_dnd5e,9.634062810661808e-4
is_ttrpg_accessory,8.369842862787839e-5
is_osr,8.042103267695832e-6
