term,coef,se,p_value,odds_ratio
log10_goal,-0.7918884079958488,0.03734151613931813,8.291418764680948e-100,0.4529885598574323
duration_days,-0.03397392025024381,0.002327440281424797,2.929711105259583e-48,0.9665967129091804
country_us,0.2022489652223538,0.05091752281519749,7.124489654165889e-5,1.2241527416352755
title_words,0.04302855629470325,0.007609905687583529,1.5649866230373905e-8,1.0439677062744397
is_ttrpg,0.47924617383830725,0.0846238156941249,1.4852893435110353e-8,1.6148566220841982
is_ttrpg_accessory,0.33435829299883,0.30213970765882237,0.2684518865305225,1.397043604855945
is_dnd5e,0.5992749357136777,0.2106533420046424,0.004443381433124647,1.8207981259676969
is_osr,0.9447903817629485,0.8166856587659796,0.24732985834102486,2.572274126504154
