model,cv_auc,cv_brier
Logit,0.6956962332058367,0.19816028276924408
LASSO,0.6949647309295055,0.1983058878138574
RandomForest,0.7235384608122094,0.19155505088950056
