term,coef,se,p,mult
(Intercept),4.402256345155082,0.07131479732582385,2.4959647164404426e-15,81.63485743087914
rpg,-0.9596626299432998,0.07678780309713043,7.653230659154768e-8,0.38302208436237173
feb,-0.008890633396417158,0.06594544215877897,0.8951910182100198,0.9911487714202833
post,-0.7259585735771257,0.49889520325960857,0.17356912018365336,0.48386053066376394
rpg:feb,-0.03309899618959378,0.08389185152046777,0.7007217682846013,0.9674427816992489
rpg:post,0.6979498586459112,0.13579570633854124,3.23383779376828e-4,2.009628458858845
feb:post,1.1699036704364971,0.48663330296321133,0.03497931075661851,3.2216822803325957
rpg:feb:post,0.6969069734965849,0.12654023275087284,1.8417490877631524e-4,2.0075337396490687
