term,coef,se,p,mult
(Intercept),4.50694888175715,0.07131945231512962,1.9300145102702085e-15,90.64482807157245
rpg,-1.2109695283285882,0.07663737974859766,6.581841744490216e-9,0.29790830882520153
feb,-0.02071813389544097,0.07132832418257547,0.776866044811561,0.9794950121069075
post,-0.6853455799879979,0.5041283874928499,0.20121459821810228,0.503916056176493
rpg:feb,0.04399226353519836,0.07242488959929254,0.5559042653842722,1.0449742704505094
rpg:post,0.7041194605117433,0.14578704796540176,5.275506601006452e-4,2.0220653923624097
feb:post,1.1577858479382641,0.4968341236734606,0.039846118230319305,3.182878092283305
rpg:feb:post,0.6842809649470212,0.12406634587276351,1.8195807868712482e-4,1.982345946743742
