zq_window,n,median_pledged,median_backers,zine_share
ZineQuest (Feb >=2019),1383,3073.76660706,167,0.40708604483007954
other RPG,5713,7252.472745438,237,0.02643094696306669
