zq_window,n,median_pledged,median_backers,zine_share
ZineQuest (Feb >=2019),1308,3026.70059348,168.5,0.4212538226299694
other RPG,5059,7132.10038004,240,0.027871120774856692
