zq_window,n,median_pledged,median_backers,zine_share
ZineQuest (Feb >=2019),1332,3039.69642984,168,0.41816816816816815
other RPG,5312,6915.5,234,0.02804969879518072
