method,estimate,se,df,p_value
conventional CR1 (12 clusters),0.6969069734965678,0.12481851670576397,NA,1.6434446492025667e-4
CR2 + Satterthwaite dof,0.6969069734965678,0.1330320265140206,6.4,0.0016028576301103383
wild cluster bootstrap (B=1999),0.6969069734965678,NA,NA,0.002
placebo-month permutation,0.6969069734965678,NA,NA,0.08333333333333333
