method,estimate,se,df,p_value
conventional CR1 (12 clusters),0.6842809649470185,0.12237828972095219,NA,1.6235343610127993e-4
CR2 + Satterthwaite dof,0.6842809649470185,0.12978066890191228,6.4,0.0015486709177215579
wild cluster bootstrap (B=1999),0.6842809649470185,NA,NA,0.002
placebo-month permutation,0.6842809649470185,NA,NA,0.08333333333333333
